source,target,value
AT,AT,150
AT,AU,189
AT,BE,114
AT,BG,35
AT,BM,46
AT,BR,267
AT,BY,12
AT,CA,328
AT,CH,252
AT,CL,8
AT,CN,5891
AT,CY,10
AT,CZ,172
AT,DE,2000
AT,DK,23
AT,EG,19
AT,ES,109
AT,FI,106
AT,FR,396
AT,GB,837
AT,GR,10
AT,HK,599
AT,HR,24
AT,HU,121
AT,IE,59
AT,IL,284
AT,IN,213
AT,IT,179
AT,JP,2807
AT,KR,2522
AT,KY,306
AT,LI,7
AT,MX,91
AT,MY,584
AT,NL,299
AT,NO,41
AT,NZ,18
AT,PH,147
AT,PK,18
AT,PL,40
AT,RO,29
AT,RS,36
AT,RU,573
AT,SE,74
AT,SG,460
AT,SI,17
AT,SK,41
AT,TH,128
AT,TR,39
AT,TW,2970
AT,UA,34
AT,US,7758
AT,VG,29
AT,VN,319
AT,ZA,28
AU,AT,125
AU,AU,158
AU,BE,96
AU,BG,32
AU,BM,41
AU,BR,219
AU,BY,8
AU,CA,280
AU,CH,211
AU,CL,7
AU,CN,4549
AU,CY,5
AU,CZ,143
AU,DE,1676
AU,DK,21
AU,EG,14
AU,ES,87
AU,FI,89
AU,FR,331
AU,GB,714
AU,GR,5
AU,HK,481
AU,HR,19
AU,HU,103
AU,IE,54
AU,IL,241
AU,IN,173
AU,IT,142
AU,JP,2306
AU,KR,1943
AU,KY,252
AU,LI,5
AU,MX,79
AU,MY,480
AU,NL,256
AU,NO,34
AU,NZ,13
AU,PH,132
AU,PK,15
AU,PL,32
AU,RO,23
AU,RS,31
AU,RU,470
AU,SE,62
AU,SG,382
AU,SI,12
AU,SK,32
AU,TH,110
AU,TR,31
AU,TW,2397
AU,UA,25
AU,US,6485
AU,VG,23
AU,VN,255
AU,ZA,19
BE,AT,73
BE,AU,94
BE,BE,59
BE,BG,18
BE,BM,23
BE,BR,136
BE,BY,10
BE,CA,149
BE,CH,118
BE,CL,2
BE,CN,2803
BE,CY,6
BE,CZ,77
BE,DE,933
BE,DK,11
BE,EG,2
BE,ES,53
BE,FI,54
BE,FR,194
BE,GB,429
BE,GR,6
BE,HK,310
BE,HR,12
BE,HU,43
BE,IE,30
BE,IL,146
BE,IN,97
BE,IT,85
BE,JP,1274
BE,KR,1227
BE,KY,153
BE,MX,37
BE,MY,260
BE,NL,152
BE,NO,22
BE,NZ,11
BE,PH,71
BE,PK,11
BE,PL,15
BE,RO,11
BE,RS,18
BE,RU,288
BE,SE,33
BE,SG,227
BE,SI,2
BE,SK,21
BE,TH,63
BE,TR,18
BE,TW,1381
BE,UA,16
BE,US,3746
BE,VG,16
BE,VN,135
BE,ZA,14
BG,AT,51
BG,AU,66
BG,BE,37
BG,BG,12
BG,BM,16
BG,BR,85
BG,BY,2
BG,CA,111
BG,CH,89
BG,CL,3
BG,CN,1879
BG,CY,3
BG,CZ,57
BG,DE,690
BG,DK,8
BG,EG,7
BG,ES,37
BG,FI,36
BG,FR,127
BG,GB,277
BG,GR,3
BG,HK,195
BG,HR,8
BG,HU,44
BG,IE,20
BG,IL,93
BG,IN,70
BG,IT,61
BG,JP,982
BG,KR,841
BG,KY,103
BG,LI,4
BG,MX,32
BG,MY,194
BG,NL,102
BG,NO,12
BG,NZ,6
BG,PH,55
BG,PK,5
BG,PL,13
BG,RO,11
BG,RS,12
BG,RU,190
BG,SE,24
BG,SG,147
BG,SI,4
BG,SK,15
BG,TH,41
BG,TR,11
BG,TW,998
BG,UA,10
BG,US,2615
BG,VG,9
BG,VN,109
BG,ZA,10
BM,AT,12
BM,AU,17
BM,BE,9
BM,BG,3
BM,BM,4
BM,BR,21
BM,CA,29
BM,CH,23
BM,CL,1
BM,CN,497
BM,CY,1
BM,CZ,14
BM,DE,168
BM,DK,2
BM,EG,2
BM,ES,10
BM,FI,9
BM,FR,32
BM,GB,66
BM,GR,1
BM,HK,51
BM,HR,2
BM,HU,11
BM,IE,5
BM,IL,25
BM,IN,18
BM,IT,16
BM,JP,209
BM,KR,227
BM,KY,27
BM,MX,8
BM,MY,55
BM,NL,25
BM,NO,3
BM,NZ,1
BM,PH,12
BM,PK,1
BM,PL,4
BM,RO,2
BM,RS,3
BM,RU,51
BM,SE,8
BM,SG,38
BM,SI,2
BM,SK,3
BM,TH,13
BM,TR,3
BM,TW,278
BM,UA,2
BM,US,663
BM,VG,3
BM,VN,30
BM,ZA,3
BR,AT,175
BR,AU,232
BR,BE,151
BR,BG,43
BR,BM,56
BR,BR,341
BR,BY,20
BR,CA,391
BR,CH,300
BR,CL,11
BR,CN,6973
BR,CY,14
BR,CZ,182
BR,DE,2391
BR,DK,27
BR,EG,12
BR,ES,138
BR,FI,132
BR,FR,482
BR,GB,1034
BR,GR,14
BR,HK,744
BR,HR,30
BR,HU,124
BR,IE,73
BR,IL,353
BR,IN,241
BR,IT,224
BR,JP,3198
BR,KR,2839
BR,KY,376
BR,LI,2
BR,MX,98
BR,MY,703
BR,NL,378
BR,NO,51
BR,NZ,19
BR,PH,179
BR,PK,25
BR,PL,39
BR,RO,30
BR,RS,45
BR,RU,765
BR,SE,86
BR,SG,554
BR,SI,8
BR,SK,43
BR,TH,166
BR,TR,51
BR,TW,3565
BR,UA,38
BR,US,9332
BR,VG,39
BR,VN,370
BR,ZA,39
BY,AT,11
BY,AU,14
BY,BE,10
BY,BG,3
BY,BM,3
BY,BR,21
BY,BY,2
BY,CA,22
BY,CH,17
BY,CN,398
BY,CY,1
BY,CZ,10
BY,DE,141
BY,DK,2
BY,ES,8
BY,FI,8
BY,FR,30
BY,GB,69
BY,GR,1
BY,HK,47
BY,HR,2
BY,HU,7
BY,IE,5
BY,IL,24
BY,IN,13
BY,IT,12
BY,JP,190
BY,KR,164
BY,KY,23
BY,MX,6
BY,MY,37
BY,NL,22
BY,NO,4
BY,NZ,1
BY,PH,10
BY,PK,2
BY,PL,2
BY,RO,1
BY,RS,3
BY,RU,45
BY,SE,5
BY,SG,34
BY,SK,3
BY,TH,11
BY,TR,2
BY,TW,191
BY,UA,3
BY,US,575
BY,VG,3
BY,VN,20
BY,ZA,2
CA,AT,257
CA,AU,325
CA,BE,204
CA,BG,66
CA,BM,75
CA,BR,468
CA,BY,28
CA,CA,559
CA,CH,422
CA,CL,11
CA,CN,9915
CA,CY,15
CA,CZ,292
CA,DE,3428
CA,DK,43
CA,EG,29
CA,ES,184
CA,FI,184
CA,FR,692
CA,GB,1487
CA,GR,15
CA,HK,1044
CA,HR,40
CA,HU,207
CA,IE,109
CA,IL,501
CA,IN,357
CA,IT,303
CA,JP,4823
CA,KR,4225
CA,KY,514
CA,LI,9
CA,MX,153
CA,MY,970
CA,NL,506
CA,NO,76
CA,NZ,29
CA,PH,255
CA,PK,34
CA,PL,68
CA,RO,45
CA,RS,64
CA,RU,1018
CA,SE,117
CA,SG,801
CA,SI,17
CA,SK,73
CA,TH,218
CA,TR,66
CA,TW,4979
CA,UA,59
CA,US,13252
CA,VG,48
CA,VN,526
CA,ZA,41
CH,AT,189
CH,AU,248
CH,BE,155
CH,BG,45
CH,BM,62
CH,BR,347
CH,BY,16
CH,CA,424
CH,CH,323
CH,CL,10
CH,CN,7413
CH,CY,12
CH,CZ,211
CH,DE,2579
CH,DK,29
CH,EG,22
CH,ES,137
CH,FI,137
CH,FR,514
CH,GB,1089
CH,GR,12
CH,HK,775
CH,HR,31
CH,HU,144
CH,IE,77
CH,IL,371
CH,IN,267
CH,IT,232
CH,JP,3565
CH,KR,3151
CH,KY,392
CH,LI,5
CH,MX,118
CH,MY,749
CH,NL,394
CH,NO,52
CH,NZ,24
CH,PH,198
CH,PK,24
CH,PL,47
CH,RO,35
CH,RS,47
CH,RU,771
CH,SE,95
CH,SG,594
CH,SI,20
CH,SK,50
CH,TH,176
CH,TR,53
CH,TW,3809
CH,UA,44
CH,US,10064
CH,VG,41
CH,VN,406
CH,ZA,35
CN,AT,4197
CN,AU,5349
CN,BE,3325
CN,BG,1106
CN,BM,1318
CN,BR,7351
CN,BY,358
CN,CA,8902
CN,CH,7083
CN,CL,164
CN,CN,148283
CN,CY,276
CN,CZ,4487
CN,DE,54755
CN,DK,686
CN,EG,260
CN,ES,2868
CN,FI,3027
CN,FR,11184
CN,GB,24660
CN,GR,276
CN,HK,16540
CN,HR,705
CN,HU,3110
CN,IE,1863
CN,IL,8317
CN,IN,5317
CN,IT,4729
CN,JP,73947
CN,KR,61566
CN,KY,8510
CN,LI,94
CN,MX,2495
CN,MY,14890
CN,NL,8717
CN,NO,1191
CN,NZ,438
CN,PH,4086
CN,PK,534
CN,PL,944
CN,RO,727
CN,RS,1127
CN,RU,15969
CN,SE,1820
CN,SG,12482
CN,SI,231
CN,SK,1036
CN,TH,3479
CN,TR,1063
CN,TW,75488
CN,UA,853
CN,US,215134
CN,VG,825
CN,VN,7867
CN,ZA,726
CZ,AT,214
CZ,AU,267
CZ,BE,162
CZ,BG,50
CZ,BM,64
CZ,BR,365
CZ,BY,18
CZ,CA,447
CZ,CH,344
CZ,CL,7
CZ,CN,7871
CZ,CY,14
CZ,CZ,236
CZ,DE,2775
CZ,DK,32
CZ,EG,22
CZ,ES,144
CZ,FI,144
CZ,FR,552
CZ,GB,1188
CZ,GR,14
CZ,HK,845
CZ,HR,33
CZ,HU,162
CZ,IE,84
CZ,IL,395
CZ,IN,280
CZ,IT,240
CZ,JP,3863
CZ,KR,3397
CZ,KY,420
CZ,LI,8
CZ,MX,126
CZ,MY,754
CZ,NL,416
CZ,NO,58
CZ,NZ,29
CZ,PH,210
CZ,PK,26
CZ,PL,52
CZ,RO,39
CZ,RS,49
CZ,RU,801
CZ,SE,92
CZ,SG,632
CZ,SI,17
CZ,SK,57
CZ,TH,172
CZ,TR,53
CZ,TW,3932
CZ,UA,46
CZ,US,10764
CZ,VG,40
CZ,VN,413
CZ,ZA,36
DE,AT,1620
DE,AU,2017
DE,BE,1231
DE,BG,402
DE,BM,498
DE,BR,2757
DE,BY,130
DE,CA,3424
DE,CH,2671
DE,CL,58
DE,CN,59021
DE,CY,95
DE,CZ,1825
DE,DE,21230
DE,DK,256
DE,EG,178
DE,ES,1085
DE,FI,1125
DE,FR,4291
DE,GB,9209
DE,GR,95
DE,HK,6399
DE,HR,258
DE,HU,1280
DE,IE,672
DE,IL,3061
DE,IN,2140
DE,IT,1813
DE,JP,29589
DE,KR,25422
DE,KY,3177
DE,LI,65
DE,MX,980
DE,MY,5814
DE,NL,3175
DE,NO,445
DE,NZ,209
DE,PH,1592
DE,PK,196
DE,PL,396
DE,RO,308
DE,RS,400
DE,RU,5998
DE,SE,707
DE,SG,4845
DE,SI,146
DE,SK,430
DE,TH,1293
DE,TR,417
DE,TW,29868
DE,UA,353
DE,US,82583
DE,VG,300
DE,VN,3165
DE,ZA,252
DK,AT,8
DK,AU,8
DK,BE,6
DK,BG,3
DK,BM,1
DK,BR,11
DK,CA,16
DK,CH,12
DK,CN,177
DK,CZ,11
DK,DE,90
DK,DK,2
DK,EG,1
DK,ES,4
DK,FI,5
DK,FR,19
DK,GB,47
DK,HK,22
DK,HR,2
DK,HU,7
DK,IE,5
DK,IL,12
DK,IN,8
DK,IT,6
DK,JP,113
DK,KR,58
DK,KY,15
DK,MX,4
DK,MY,18
DK,NL,13
DK,NO,2
DK,PH,4
DK,PK,1
DK,PL,2
DK,RO,1
DK,RS,2
DK,RU,22
DK,SE,2
DK,SG,21
DK,TH,5
DK,TW,88
DK,UA,1
DK,US,347
DK,VG,1
DK,VN,10
EG,AT,25
EG,AU,29
EG,BE,17
EG,BG,6
EG,BM,7
EG,BR,38
EG,BY,2
EG,CA,48
EG,CH,38
EG,CN,798
EG,CY,2
EG,CZ,25
EG,DE,302
EG,DK,4
EG,EG,2
EG,ES,14
EG,FI,16
EG,FR,63
EG,GB,139
EG,GR,2
EG,HK,95
EG,HR,4
EG,HU,18
EG,IE,10
EG,IL,45
EG,IN,28
EG,IT,22
EG,JP,422
EG,KR,365
EG,KY,46
EG,LI,1
EG,MX,14
EG,MY,75
EG,NL,46
EG,NO,7
EG,NZ,3
EG,PH,22
EG,PK,3
EG,PL,5
EG,RO,4
EG,RS,6
EG,RU,81
EG,SE,9
EG,SG,68
EG,SI,2
EG,SK,7
EG,TH,17
EG,TR,5
EG,TW,395
EG,UA,5
EG,US,1197
EG,VG,5
EG,VN,42
EG,ZA,4
ES,AT,108
ES,AU,134
ES,BE,76
ES,BG,30
ES,BM,34
ES,BR,173
ES,BY,6
ES,CA,226
ES,CH,185
ES,CL,3
ES,CN,3537
ES,CY,5
ES,CZ,127
ES,DE,1400
ES,DK,20
ES,EG,8
ES,ES,65
ES,FI,73
ES,FR,284
ES,GB,628
ES,GR,5
ES,HK,403
ES,HR,16
ES,HU,95
ES,IE,50
ES,IL,211
ES,IN,134
ES,IT,113
ES,JP,1931
ES,KR,1551
ES,KY,200
ES,LI,5
ES,MX,71
ES,MY,358
ES,NL,209
ES,NO,32
ES,NZ,11
ES,PH,102
ES,PK,12
ES,PL,28
ES,RO,22
ES,RS,29
ES,RU,368
ES,SE,43
ES,SG,312
ES,SI,10
ES,SK,30
ES,TH,74
ES,TR,26
ES,TW,1822
ES,UA,21
ES,US,5422
ES,VG,17
ES,VN,190
ES,ZA,13
FI,AT,90
FI,AU,111
FI,BE,70
FI,BG,21
FI,BM,27
FI,BR,157
FI,BY,10
FI,CA,187
FI,CH,148
FI,CL,2
FI,CN,3501
FI,CY,6
FI,CZ,104
FI,DE,1200
FI,DK,14
FI,EG,11
FI,ES,62
FI,FI,61
FI,FR,241
FI,GB,505
FI,GR,6
FI,HK,365
FI,HR,14
FI,HU,72
FI,IE,35
FI,IL,171
FI,IN,125
FI,IT,102
FI,JP,1734
FI,KR,1537
FI,KY,175
FI,LI,4
FI,MX,56
FI,MY,328
FI,NL,170
FI,NO,26
FI,NZ,12
FI,PH,91
FI,PK,12
FI,PL,25
FI,RO,17
FI,RS,21
FI,RU,351
FI,SE,40
FI,SG,278
FI,SI,10
FI,SK,27
FI,TH,75
FI,TR,24
FI,TW,1711
FI,UA,23
FI,US,4628
FI,VG,17
FI,VN,186
FI,ZA,14
FR,AT,373
FR,AU,462
FR,BE,275
FR,BG,89
FR,BM,113
FR,BR,636
FR,BY,26
FR,CA,798
FR,CH,620
FR,CL,16
FR,CN,13938
FR,CY,23
FR,CZ,427
FR,DE,4905
FR,DK,59
FR,EG,41
FR,ES,256
FR,FI,256
FR,FR,969
FR,GB,2076
FR,GR,23
FR,HK,1468
FR,HR,58
FR,HU,305
FR,IE,148
FR,IL,701
FR,IN,510
FR,IT,424
FR,JP,6948
FR,KR,6149
FR,KY,731
FR,LI,17
FR,MX,227
FR,MY,1380
FR,NL,729
FR,NO,100
FR,NZ,48
FR,PH,375
FR,PK,42
FR,PL,98
FR,RO,73
FR,RS,90
FR,RU,1387
FR,SE,167
FR,SG,1108
FR,SI,39
FR,SK,107
FR,TH,299
FR,TR,92
FR,TW,7087
FR,UA,81
FR,US,18911
FR,VG,69
FR,VN,763
FR,ZA,62
GB,AT,766
GB,AU,956
GB,BE,584
GB,BG,181
GB,BM,235
GB,BR,1334
GB,BY,62
GB,CA,1644
GB,CH,1266
GB,CL,36
GB,CN,29046
GB,CY,51
GB,CZ,849
GB,DE,9958
GB,DK,115
GB,EG,76
GB,ES,541
GB,FI,542
GB,FR,1995
GB,GB,4276
GB,GR,51
GB,HK,3047
GB,HR,119
GB,HU,560
GB,IE,304
GB,IL,1448
GB,IN,1041
GB,IT,888
GB,JP,13730
GB,KR,12612
GB,KY,1552
GB,LI,24
GB,MX,444
GB,MY,2874
GB,NL,1536
GB,NO,204
GB,NZ,97
GB,PH,748
GB,PK,92
GB,PL,184
GB,RO,139
GB,RS,183
GB,RU,2906
GB,SE,368
GB,SG,2306
GB,SI,75
GB,SK,190
GB,TH,646
GB,TR,193
GB,TW,14778
GB,UA,165
GB,US,39047
GB,VG,154
GB,VN,1554
GB,ZA,140
HK,AT,371
HK,AU,453
HK,BE,273
HK,BG,90
HK,BM,111
HK,BR,619
HK,BY,30
HK,CA,766
HK,CH,614
HK,CL,13
HK,CN,13327
HK,CY,25
HK,CZ,412
HK,DE,4767
HK,DK,59
HK,EG,28
HK,ES,246
HK,FI,253
HK,FR,956
HK,GB,2082
HK,GR,25
HK,HK,1451
HK,HR,56
HK,HU,283
HK,IE,149
HK,IL,697
HK,IN,480
HK,IT,405
HK,JP,6656
HK,KR,5919
HK,KY,721
HK,LI,16
HK,MX,220
HK,MY,1289
HK,NL,728
HK,NO,102
HK,NZ,46
HK,PH,360
HK,PK,44
HK,PL,86
HK,RO,71
HK,RS,90
HK,RU,1354
HK,SE,152
HK,SG,1072
HK,SI,30
HK,SK,100
HK,TH,279
HK,TR,90
HK,TW,6729
HK,UA,75
HK,US,18530
HK,VG,71
HK,VN,712
HK,ZA,63
HR,AT,23
HR,AU,29
HR,BE,20
HR,BG,6
HR,BM,7
HR,BR,42
HR,BY,4
HR,CA,46
HR,CH,36
HR,CN,842
HR,CY,2
HR,CZ,24
HR,DE,304
HR,DK,4
HR,ES,17
HR,FI,16
HR,FR,63
HR,GB,142
HR,GR,2
HR,HK,95
HR,HR,4
HR,HU,16
HR,IE,10
HR,IL,48
HR,IN,29
HR,IT,24
HR,JP,423
HR,KR,361
HR,KY,47
HR,MX,14
HR,MY,80
HR,NL,45
HR,NO,8
HR,NZ,2
HR,PH,23
HR,PK,4
HR,PL,5
HR,RO,2
HR,RS,6
HR,RU,95
HR,SE,10
HR,SG,70
HR,SK,6
HR,TH,22
HR,TR,5
HR,TW,411
HR,UA,6
HR,US,1199
HR,VG,6
HR,VN,44
HR,ZA,4
HU,AT,134
HU,AU,169
HU,BE,111
HU,BG,35
HU,BM,42
HU,BR,235
HU,BY,14
HU,CA,286
HU,CH,239
HU,CL,3
HU,CN,4885
HU,CY,8
HU,CZ,156
HU,DE,1839
HU,DK,23
HU,EG,10
HU,ES,96
HU,FI,94
HU,FR,371
HU,GB,790
HU,GR,8
HU,HK,526
HU,HR,23
HU,HU,120
HU,IE,59
HU,IL,271
HU,IN,180
HU,IT,151
HU,JP,2651
HU,KR,2012
HU,KY,266
HU,LI,8
HU,MX,91
HU,MY,477
HU,NL,265
HU,NO,41
HU,NZ,13
HU,PH,144
HU,PK,18
HU,PL,36
HU,RO,27
HU,RS,36
HU,RU,529
HU,SE,55
HU,SG,408
HU,SI,8
HU,SK,37
HU,TH,112
HU,TR,38
HU,TW,2414
HU,UA,30
HU,US,7018
HU,VG,24
HU,VN,270
HU,ZA,19
IE,AT,69
IE,AU,86
IE,BE,55
IE,BG,15
IE,BM,20
IE,BR,124
IE,BY,8
IE,CA,143
IE,CH,112
IE,CL,3
IE,CN,2774
IE,CY,5
IE,CZ,78
IE,DE,919
IE,DK,10
IE,EG,10
IE,ES,49
IE,FI,44
IE,FR,185
IE,GB,375
IE,GR,5
IE,HK,284
IE,HR,10
IE,HU,54
IE,IE,25
IE,IL,128
IE,IN,94
IE,IT,84
IE,JP,1320
IE,KR,1204
IE,KY,134
IE,LI,4
IE,MX,40
IE,MY,255
IE,NL,131
IE,NO,19
IE,NZ,10
IE,PH,68
IE,PK,9
IE,PL,19
IE,RO,14
IE,RS,15
IE,RU,281
IE,SE,29
IE,SG,209
IE,SI,9
IE,SK,19
IE,TH,58
IE,TR,19
IE,TW,1339
IE,UA,18
IE,US,3507
IE,VG,14
IE,VN,148
IE,ZA,13
IL,AT,205
IL,AU,261
IL,BE,160
IL,BG,47
IL,BM,62
IL,BR,370
IL,BY,18
IL,CA,452
IL,CH,343
IL,CL,12
IL,CN,8089
IL,CY,14
IL,CZ,228
IL,DE,2748
IL,DK,31
IL,EG,24
IL,ES,149
IL,FI,142
IL,FR,543
IL,GB,1143
IL,GR,14
IL,HK,833
IL,HR,32
IL,HU,161
IL,IE,79
IL,IL,384
IL,IN,287
IL,IT,249
IL,JP,3791
IL,KR,3465
IL,KY,421
IL,LI,8
IL,MX,120
IL,MY,812
IL,NL,413
IL,NO,56
IL,NZ,26
IL,PH,208
IL,PK,25
IL,PL,51
IL,RO,39
IL,RS,48
IL,RU,820
IL,SE,100
IL,SG,627
IL,SI,19
IL,SK,55
IL,TH,181
IL,TR,53
IL,TW,4125
IL,UA,47
IL,US,10627
IL,VG,41
IL,VN,439
IL,ZA,41
IN,AT,107
IN,AU,129
IN,BE,79
IN,BG,27
IN,BM,31
IN,BR,177
IN,BY,10
IN,CA,216
IN,CH,168
IN,CL,2
IN,CN,3827
IN,CY,6
IN,CZ,124
IN,DE,1368
IN,DK,18
IN,EG,12
IN,ES,70
IN,FI,71
IN,FR,284
IN,GB,602
IN,GR,6
IN,HK,410
IN,HR,15
IN,HU,87
IN,IE,45
IN,IL,201
IN,IN,136
IN,IT,113
IN,JP,1896
IN,KR,1629
IN,KY,200
IN,LI,5
IN,MX,62
IN,MY,353
IN,NL,203
IN,NO,30
IN,NZ,14
IN,PH,100
IN,PK,13
IN,PL,29
IN,RO,21
IN,RS,25
IN,RU,383
IN,SE,42
IN,SG,314
IN,SI,10
IN,SK,30
IN,TH,81
IN,TR,27
IN,TW,1848
IN,UA,24
IN,US,5272
IN,VG,18
IN,VN,197
IN,ZA,14
IT,AT,160
IT,AU,197
IT,BE,116
IT,BG,39
IT,BM,48
IT,BR,265
IT,BY,14
IT,CA,334
IT,CH,265
IT,CL,5
IT,CN,5855
IT,CY,10
IT,CZ,180
IT,DE,2097
IT,DK,26
IT,EG,11
IT,ES,107
IT,FI,111
IT,FR,416
IT,GB,904
IT,GR,10
IT,HK,634
IT,HR,24
IT,HU,132
IT,IE,65
IT,IL,300
IT,IN,212
IT,IT,175
IT,JP,3059
IT,KR,2636
IT,KY,306
IT,LI,9
IT,MX,96
IT,MY,567
IT,NL,309
IT,NO,44
IT,NZ,21
IT,PH,164
IT,PK,18
IT,PL,36
IT,RO,33
IT,RS,39
IT,RU,599
IT,SE,64
IT,SG,469
IT,SI,15
IT,SK,49
IT,TH,117
IT,TR,40
IT,TW,2950
IT,UA,35
IT,US,8006
IT,VG,28
IT,VN,307
IT,ZA,25
JP,AT,2137
JP,AU,2746
JP,BE,1652
JP,BG,586
JP,BM,653
JP,BR,3651
JP,BY,176
JP,CA,4604
JP,CH,3706
JP,CL,88
JP,CN,76740
JP,CY,134
JP,CZ,2387
JP,DE,29051
JP,DK,365
JP,EG,107
JP,ES,1559
JP,FI,1604
JP,FR,5700
JP,GB,12654
JP,GR,134
JP,HK,8293
JP,HR,345
JP,HU,1887
JP,IE,988
JP,IL,4260
JP,IN,2822
JP,IT,2453
JP,JP,41638
JP,KR,32209
JP,KY,4312
JP,LI,111
JP,MX,1343
JP,MY,7927
JP,NL,4381
JP,NO,584
JP,NZ,181
JP,PH,2339
JP,PK,234
JP,PL,506
JP,RO,409
JP,RS,598
JP,RU,8275
JP,SE,922
JP,SG,6397
JP,SI,97
JP,SK,589
JP,TH,1725
JP,TR,566
JP,TW,39652
JP,UA,431
JP,US,109784
JP,VG,377
JP,VN,4220
JP,ZA,359
KR,AT,1152
KR,AU,1406
KR,BE,834
KR,BG,318
KR,BM,351
KR,BR,1786
KR,BY,66
KR,CA,2312
KR,CH,1882
KR,CL,24
KR,CN,36286
KR,CY,61
KR,CZ,1310
KR,DE,14678
KR,DK,201
KR,EG,69
KR,ES,679
KR,FI,803
KR,FR,2964
KR,GB,6638
KR,GR,61
KR,HK,4213
KR,HR,187
KR,HU,940
KR,IE,530
KR,IL,2196
KR,IN,1383
KR,IT,1153
KR,JP,20395
KR,KR,15760
KR,KY,2127
KR,LI,29
KR,MX,713
KR,MY,3680
KR,NL,2251
KR,NO,314
KR,NZ,106
KR,PH,1145
KR,PK,121
KR,PL,268
KR,RO,192
KR,RS,319
KR,RU,3899
KR,SE,429
KR,SG,3235
KR,SI,54
KR,SK,310
KR,TH,786
KR,TR,272
KR,TW,18715
KR,UA,207
KR,US,56455
KR,VG,179
KR,VN,1958
KR,ZA,148
KY,AT,172
KY,AU,206
KY,BE,131
KY,BG,45
KY,BM,50
KY,BR,284
KY,BY,12
KY,CA,360
KY,CH,282
KY,CL,5
KY,CN,5893
KY,CY,8
KY,CZ,204
KY,DE,2222
KY,DK,30
KY,EG,21
KY,ES,110
KY,FI,114
KY,FR,456
KY,GB,980
KY,GR,8
KY,HK,643
KY,HR,30
KY,HU,149
KY,IE,75
KY,IL,315
KY,IN,222
KY,IT,182
KY,JP,3130
KY,KR,2495
KY,KY,330
KY,LI,9
KY,MX,103
KY,MY,578
KY,NL,323
KY,NO,48
KY,NZ,20
KY,PH,162
KY,PK,21
KY,PL,45
KY,RO,34
KY,RS,43
KY,RU,603
KY,SE,63
KY,SG,500
KY,SI,8
KY,SK,42
KY,TH,127
KY,TR,39
KY,TW,2966
KY,UA,34
KY,US,8578
KY,VG,28
KY,VN,319
KY,ZA,21
MX,AT,82
MX,AU,109
MX,BE,63
MX,BG,21
MX,BM,26
MX,BR,154
MX,BY,10
MX,CA,182
MX,CH,140
MX,CL,4
MX,CN,3322
MX,CY,6
MX,CZ,89
MX,DE,1125
MX,DK,13
MX,EG,7
MX,ES,64
MX,FI,63
MX,FR,225
MX,GB,485
MX,GR,6
MX,HK,352
MX,HR,13
MX,HU,64
MX,IE,35
MX,IL,164
MX,IN,119
MX,IT,102
MX,JP,1605
MX,KR,1443
MX,KY,173
MX,LI,3
MX,MX,46
MX,MY,332
MX,NL,171
MX,NO,24
MX,NZ,11
MX,PH,87
MX,PK,11
MX,PL,20
MX,RO,15
MX,RS,21
MX,RU,342
MX,SE,39
MX,SG,264
MX,SI,4
MX,SK,25
MX,TH,71
MX,TR,24
MX,TW,1695
MX,UA,19
MX,US,4333
MX,VG,16
MX,VN,171
MX,ZA,16
MY,AT,424
MY,AU,531
MY,BE,315
MY,BG,105
MY,BM,131
MY,BR,708
MY,BY,26
MY,CA,898
MY,CH,713
MY,CL,18
MY,CN,15157
MY,CY,30
MY,CZ,465
MY,DE,5481
MY,DK,67
MY,EG,39
MY,ES,291
MY,FI,307
MY,FR,1098
MY,GB,2409
MY,GR,30
MY,HK,1649
MY,HR,69
MY,HU,314
MY,IE,176
MY,IL,800
MY,IN,550
MY,IT,475
MY,JP,7427
MY,KR,6547
MY,KY,852
MY,LI,10
MY,MX,251
MY,MY,1536
MY,NL,863
MY,NO,111
MY,NZ,50
MY,PH,415
MY,PK,47
MY,PL,98
MY,RO,76
MY,RS,107
MY,RU,1554
MY,SE,191
MY,SG,1240
MY,SI,29
MY,SK,106
MY,TH,331
MY,TR,103
MY,TW,7884
MY,UA,81
MY,US,21514
MY,VG,79
MY,VN,828
MY,ZA,78
NL,AT,207
NL,AU,263
NL,BE,163
NL,BG,49
NL,BM,62
NL,BR,366
NL,BY,18
NL,CA,447
NL,CH,338
NL,CL,9
NL,CN,7963
NL,CY,13
NL,CZ,237
NL,DE,2728
NL,DK,31
NL,EG,25
NL,ES,147
NL,FI,144
NL,FR,548
NL,GB,1155
NL,GR,13
NL,HK,820
NL,HR,33
NL,HU,161
NL,IE,83
NL,IL,391
NL,IN,287
NL,IT,247
NL,JP,3788
NL,KR,3388
NL,KY,417
NL,LI,10
NL,MX,122
NL,MY,778
NL,NL,409
NL,NO,56
NL,NZ,24
NL,PH,202
NL,PK,26
NL,PL,53
NL,RO,41
NL,RS,49
NL,RU,803
NL,SE,98
NL,SG,632
NL,SI,18
NL,SK,55
NL,TH,173
NL,TR,53
NL,TW,3998
NL,UA,47
NL,US,10632
NL,VG,40
NL,VN,425
NL,ZA,35
NO,AT,42
NO,AU,48
NO,BE,27
NO,BG,9
NO,BM,12
NO,BR,60
NO,BY,2
NO,CA,80
NO,CH,65
NO,CL,1
NO,CN,1387
NO,CY,3
NO,CZ,46
NO,DE,493
NO,DK,6
NO,EG,5
NO,ES,23
NO,FI,26
NO,FR,100
NO,GB,213
NO,GR,3
NO,HK,151
NO,HR,6
NO,HU,32
NO,IE,15
NO,IL,69
NO,IN,50
NO,IT,41
NO,JP,678
NO,KR,637
NO,KY,74
NO,LI,2
NO,MX,23
NO,MY,129
NO,NL,76
NO,NO,10
NO,NZ,6
NO,PH,35
NO,PK,4
NO,PL,10
NO,RO,8
NO,RS,9
NO,RU,128
NO,SE,15
NO,SG,111
NO,SI,4
NO,SK,11
NO,TH,25
NO,TR,9
NO,TW,691
NO,UA,8
NO,US,1937
NO,VG,6
NO,VN,74
NO,ZA,7
PH,AT,146
PH,AU,185
PH,BE,114
PH,BG,38
PH,BM,44
PH,BR,262
PH,BY,14
PH,CA,318
PH,CH,250
PH,CL,5
PH,CN,5503
PH,CY,9
PH,CZ,165
PH,DE,1950
PH,DK,23
PH,EG,12
PH,ES,107
PH,FI,105
PH,FR,398
PH,GB,854
PH,GR,9
PH,HK,583
PH,HR,24
PH,HU,117
PH,IE,63
PH,IL,290
PH,IN,198
PH,IT,166
PH,JP,2734
PH,KR,2316
PH,KY,300
PH,LI,7
PH,MX,90
PH,MY,536
PH,NL,292
PH,NO,42
PH,NZ,18
PH,PH,143
PH,PK,19
PH,PL,36
PH,RO,29
PH,RS,38
PH,RU,565
PH,SE,65
PH,SG,450
PH,SI,11
PH,SK,38
PH,TH,127
PH,TR,39
PH,TW,2753
PH,UA,32
PH,US,7572
PH,VG,31
PH,VN,290
PH,ZA,23
PK,AT,12
PK,AU,15
PK,BE,9
PK,BG,3
PK,BM,4
PK,BR,21
PK,CA,29
PK,CH,21
PK,CL,1
PK,CN,475
PK,CY,1
PK,CZ,12
PK,DE,158
PK,DK,1
PK,EG,1
PK,ES,11
PK,FI,10
PK,FR,31
PK,GB,68
PK,GR,1
PK,HK,49
PK,HR,2
PK,HU,6
PK,IE,5
PK,IL,25
PK,IN,18
PK,IT,15
PK,JP,209
PK,KR,210
PK,KY,29
PK,MX,6
PK,MY,53
PK,NL,28
PK,NO,3
PK,NZ,2
PK,PH,14
PK,PK,1
PK,PL,3
PK,RO,2
PK,RS,3
PK,RU,48
PK,SE,7
PK,SG,40
PK,SK,2
PK,TH,12
PK,TR,3
PK,TW,270
PK,UA,1
PK,US,641
PK,VG,3
PK,VN,27
PK,ZA,3
PL,AT,25
PL,AU,33
PL,BE,20
PL,BG,6
PL,BM,7
PL,BR,47
PL,BY,2
PL,CA,53
PL,CH,45
PL,CL,1
PL,CN,977
PL,CY,2
PL,CZ,28
PL,DE,349
PL,DK,4
PL,EG,4
PL,ES,19
PL,FI,17
PL,FR,70
PL,GB,143
PL,GR,2
PL,HK,99
PL,HR,4
PL,HU,21
PL,IE,10
PL,IL,48
PL,IN,34
PL,IT,30
PL,JP,487
PL,KR,386
PL,KY,51
PL,LI,1
PL,MX,16
PL,MY,90
PL,NL,51
PL,NO,7
PL,NZ,4
PL,PH,27
PL,PK,3
PL,PL,8
PL,RO,5
PL,RS,6
PL,RU,106
PL,SE,11
PL,SG,77
PL,SI,3
PL,SK,7
PL,TH,22
PL,TR,6
PL,TW,478
PL,UA,5
PL,US,1318
PL,VG,5
PL,VN,55
PL,ZA,5
RO,AT,26
RO,AU,35
RO,BE,22
RO,BG,6
RO,BM,8
RO,BR,50
RO,BY,4
RO,CA,58
RO,CH,45
RO,CL,1
RO,CN,1153
RO,CY,2
RO,CZ,32
RO,DE,364
RO,DK,4
RO,EG,1
RO,ES,21
RO,FI,19
RO,FR,71
RO,GB,153
RO,GR,2
RO,HK,115
RO,HR,4
RO,HU,19
RO,IE,10
RO,IL,52
RO,IN,41
RO,IT,33
RO,JP,520
RO,KR,500
RO,KY,56
RO,LI,1
RO,MX,16
RO,MY,108
RO,NL,53
RO,NO,8
RO,NZ,4
RO,PH,27
RO,PK,4
RO,PL,6
RO,RO,5
RO,RS,6
RO,RU,116
RO,SE,14
RO,SG,85
RO,SI,4
RO,SK,8
RO,TH,26
RO,TR,7
RO,TW,558
RO,UA,8
RO,US,1406
RO,VG,6
RO,VN,58
RO,ZA,5
RS,AT,28
RS,AU,36
RS,BE,23
RS,BG,6
RS,BM,8
RS,BR,56
RS,BY,4
RS,CA,64
RS,CH,46
RS,CL,2
RS,CN,1253
RS,CY,2
RS,CZ,31
RS,DE,379
RS,DK,4
RS,EG,4
RS,ES,24
RS,FI,20
RS,FR,75
RS,GB,155
RS,GR,2
RS,HK,120
RS,HR,4
RS,HU,22
RS,IE,10
RS,IL,54
RS,IN,44
RS,IT,36
RS,JP,544
RS,KR,534
RS,KY,60
RS,LI,2
RS,MX,15
RS,MY,121
RS,NL,56
RS,NO,8
RS,NZ,4
RS,PH,29
RS,PK,4
RS,PL,8
RS,RO,6
RS,RS,6
RS,RU,124
RS,SE,15
RS,SG,91
RS,SI,2
RS,SK,8
RS,TH,28
RS,TR,8
RS,TW,624
RS,UA,7
RS,US,1474
RS,VG,6
RS,VN,69
RS,ZA,6
RU,AT,468
RU,AU,630
RU,BE,403
RU,BG,115
RU,BM,152
RU,BR,903
RU,BY,56
RU,CA,1043
RU,CH,798
RU,CL,28
RU,CN,18498
RU,CY,37
RU,CZ,476
RU,DE,6327
RU,DK,74
RU,EG,30
RU,ES,354
RU,FI,343
RU,FR,1286
RU,GB,2765
RU,GR,37
RU,HK,1993
RU,HR,78
RU,HU,327
RU,IE,194
RU,IL,943
RU,IN,632
RU,IT,590
RU,JP,8504
RU,KR,7639
RU,KY,996
RU,LI,6
RU,MX,269
RU,MY,1862
RU,NL,1008
RU,NO,139
RU,NZ,53
RU,PH,470
RU,PK,68
RU,PL,102
RU,RO,81
RU,RS,118
RU,RU,2034
RU,SE,226
RU,SG,1474
RU,SI,25
RU,SK,116
RU,TH,445
RU,TR,133
RU,TW,9410
RU,UA,107
RU,US,24944
RU,VG,107
RU,VN,989
RU,ZA,103
SE,AT,66
SE,AU,79
SE,BE,51
SE,BG,18
SE,BM,20
SE,BR,116
SE,BY,6
SE,CA,137
SE,CH,102
SE,CL,2
SE,CN,2300
SE,CY,3
SE,CZ,79
SE,DE,865
SE,DK,12
SE,EG,7
SE,ES,44
SE,FI,42
SE,FR,183
SE,GB,393
SE,GR,3
SE,HK,253
SE,HR,10
SE,HU,53
SE,IE,30
SE,IL,125
SE,IN,86
SE,IT,66
SE,JP,1173
SE,KR,945
SE,KY,128
SE,LI,2
SE,MX,38
SE,MY,216
SE,NL,132
SE,NO,18
SE,NZ,10
SE,PH,64
SE,PK,9
SE,PL,17
SE,RO,13
SE,RS,16
SE,RU,241
SE,SE,23
SE,SG,197
SE,SI,4
SE,SK,17
SE,TH,53
SE,TR,17
SE,TW,1118
SE,UA,14
SE,US,3300
SE,VG,12
SE,VN,121
SE,ZA,8
SG,AT,321
SG,AU,410
SG,BE,245
SG,BG,80
SG,BM,101
SG,BR,556
SG,BY,22
SG,CA,703
SG,CH,542
SG,CL,16
SG,CN,11963
SG,CY,20
SG,CZ,356
SG,DE,4249
SG,DK,47
SG,EG,35
SG,ES,229
SG,FI,236
SG,FR,848
SG,GB,1818
SG,GR,20
SG,HK,1256
SG,HR,52
SG,HU,251
SG,IE,136
SG,IL,617
SG,IN,434
SG,IT,382
SG,JP,5893
SG,KR,5030
SG,KY,660
SG,LI,13
SG,MX,192
SG,MY,1227
SG,NL,655
SG,NO,82
SG,NZ,34
SG,PH,327
SG,PK,36
SG,PL,80
SG,RO,61
SG,RS,82
SG,RU,1218
SG,SE,155
SG,SG,970
SG,SI,25
SG,SK,77
SG,TH,272
SG,TR,84
SG,TW,6205
SG,UA,64
SG,US,16541
SG,VG,61
SG,VN,650
SG,ZA,57
SI,AT,22
SI,AU,21
SI,BE,14
SI,BG,6
SI,BM,7
SI,BR,27
SI,CA,43
SI,CH,35
SI,CN,596
SI,CZ,27
SI,DE,257
SI,DK,4
SI,EG,1
SI,ES,8
SI,FI,13
SI,FR,55
SI,GB,123
SI,HK,78
SI,HR,3
SI,HU,16
SI,IE,9
SI,IL,38
SI,IN,23
SI,IT,19
SI,JP,349
SI,KR,321
SI,KY,37
SI,LI,1
SI,MX,14
SI,MY,63
SI,NL,36
SI,NO,6
SI,NZ,3
SI,PH,17
SI,PK,2
SI,PL,4
SI,RO,5
SI,RS,6
SI,RU,53
SI,SE,8
SI,SG,53
SI,SI,4
SI,SK,6
SI,TH,10
SI,TR,5
SI,TW,322
SI,UA,5
SI,US,1017
SI,VG,4
SI,VN,29
SK,AT,28
SK,AU,33
SK,BE,19
SK,BG,6
SK,BM,8
SK,BR,43
SK,BY,2
SK,CA,55
SK,CH,43
SK,CL,1
SK,CN,987
SK,CY,2
SK,CZ,30
SK,DE,340
SK,DK,4
SK,EG,4
SK,ES,17
SK,FI,18
SK,FR,70
SK,GB,145
SK,GR,2
SK,HK,106
SK,HR,4
SK,HU,20
SK,IE,10
SK,IL,48
SK,IN,34
SK,IT,29
SK,JP,456
SK,KR,445
SK,KY,51
SK,LI,1
SK,MX,15
SK,MY,91
SK,NL,52
SK,NO,7
SK,NZ,4
SK,PH,25
SK,PK,3
SK,PL,7
SK,RO,5
SK,RS,6
SK,RU,93
SK,SE,11
SK,SG,78
SK,SI,3
SK,SK,7
SK,TH,20
SK,TR,7
SK,TW,491
SK,UA,5
SK,US,1328
SK,VG,4
SK,VN,54
SK,ZA,5
TH,AT,103
TH,AU,126
TH,BE,76
TH,BG,30
TH,BM,32
TH,BR,170
TH,BY,6
TH,CA,224
TH,CH,175
TH,CL,4
TH,CN,3562
TH,CY,4
TH,CZ,125
TH,DE,1370
TH,DK,19
TH,EG,7
TH,ES,66
TH,FI,75
TH,FR,274
TH,GB,612
TH,GR,4
TH,HK,402
TH,HR,17
TH,HU,88
TH,IE,49
TH,IL,202
TH,IN,136
TH,IT,114
TH,JP,1917
TH,KR,1587
TH,KY,204
TH,LI,3
TH,MX,65
TH,MY,381
TH,NL,202
TH,NO,29
TH,NZ,10
TH,PH,103
TH,PK,11
TH,PL,25
TH,RO,18
TH,RS,30
TH,RU,365
TH,SE,47
TH,SG,310
TH,SI,8
TH,SK,29
TH,TH,79
TH,TR,28
TH,TW,1903
TH,UA,23
TH,US,5252
TH,VG,17
TH,VN,189
TH,ZA,12
TR,AT,11
TR,AU,17
TR,BE,11
TR,BG,3
TR,BM,4
TR,BR,25
TR,BY,2
TR,CA,26
TR,CH,20
TR,CL,1
TR,CN,471
TR,CY,1
TR,CZ,10
TR,DE,161
TR,DK,2
TR,ES,9
TR,FI,8
TR,FR,33
TR,GB,70
TR,GR,1
TR,HK,53
TR,HR,2
TR,HU,8
TR,IE,5
TR,IL,25
TR,IN,15
TR,IT,16
TR,JP,213
TR,KR,184
TR,KY,24
TR,MX,6
TR,MY,48
TR,NL,26
TR,NO,4
TR,NZ,1
TR,PH,11
TR,PK,2
TR,PL,2
TR,RO,2
TR,RS,3
TR,RU,59
TR,SE,5
TR,SG,38
TR,SK,3
TR,TH,12
TR,TR,4
TR,TW,234
TR,UA,3
TR,US,629
TR,VG,3
TR,VN,25
TR,ZA,3
TW,AT,1165
TW,AU,1434
TW,BE,865
TW,BG,307
TW,BM,359
TW,BR,1922
TW,BY,80
TW,CA,2422
TW,CH,1937
TW,CL,35
TW,CN,39907
TW,CY,70
TW,CZ,1315
TW,DE,14985
TW,DK,190
TW,EG,83
TW,ES,758
TW,FI,825
TW,FR,3050
TW,GB,6738
TW,GR,70
TW,HK,4458
TW,HR,194
TW,HU,891
TW,IE,515
TW,IL,2221
TW,IN,1477
TW,IT,1234
TW,JP,20640
TW,KR,17213
TW,KY,2293
TW,LI,37
TW,MX,693
TW,MY,3965
TW,NL,2328
TW,NO,315
TW,NZ,134
TW,PH,1126
TW,PK,136
TW,PL,264
TW,RO,214
TW,RS,305
TW,RU,4111
TW,SE,483
TW,SG,3381
TW,SI,80
TW,SK,298
TW,TH,883
TW,TR,275
TW,TW,20378
TW,UA,229
TW,US,58471
TW,VG,211
TW,VN,2107
TW,ZA,176
UA,AT,11
UA,AU,17
UA,BE,11
UA,BG,3
UA,BM,4
UA,BR,25
UA,BY,2
UA,CA,26
UA,CH,20
UA,CL,1
UA,CN,471
UA,CY,1
UA,CZ,10
UA,DE,161
UA,DK,2
UA,ES,9
UA,FI,8
UA,FR,33
UA,GB,70
UA,GR,1
UA,HK,53
UA,HR,2
UA,HU,8
UA,IE,5
UA,IL,25
UA,IN,15
UA,IT,16
UA,JP,213
UA,KR,184
UA,KY,24
UA,MX,6
UA,MY,48
UA,NL,26
UA,NO,4
UA,NZ,1
UA,PH,11
UA,PK,2
UA,PL,2
UA,RO,2
UA,RS,3
UA,RU,59
UA,SE,5
UA,SG,38
UA,SK,3
UA,TH,12
UA,TR,4
UA,TW,234
UA,UA,3
UA,US,629
UA,VG,3
UA,VN,25
UA,ZA,3
US,AT,6193
US,AU,7780
US,BE,4699
US,BG,1490
US,BM,1915
US,BR,10716
US,BY,488
US,CA,13281
US,CH,10286
US,CL,270
US,CN,232959
US,CY,396
US,CZ,6918
US,DE,81514
US,DK,951
US,EG,672
US,ES,4346
US,FI,4373
US,FR,16316
US,GB,34865
US,GR,396
US,HK,24621
US,HR,970
US,HU,4775
US,IE,2506
US,IL,11736
US,IN,8384
US,IT,7144
US,JP,113021
US,KR,100857
US,KY,12479
US,LI,227
US,MX,3682
US,MY,23194
US,NL,12339
US,NO,1662
US,NZ,790
US,PH,6148
US,PK,735
US,PL,1529
US,RO,1154
US,RS,1496
US,RU,23421
US,SE,2929
US,SG,18695
US,SI,586
US,SK,1617
US,TH,5264
US,TR,1581
US,TW,119006
US,UA,1353
US,US,317585
US,VG,1222
US,VN,12522
US,ZA,1083
VG,AT,14
VG,AU,17
VG,BE,11
VG,BG,3
VG,BM,4
VG,BR,24
VG,BY,2
VG,CA,27
VG,CH,22
VG,CN,537
VG,CY,1
VG,CZ,16
VG,DE,174
VG,DK,2
VG,EG,1
VG,ES,9
VG,FI,9
VG,FR,37
VG,GB,75
VG,GR,1
VG,HK,56
VG,HR,2
VG,HU,9
VG,IE,5
VG,IL,25
VG,IN,17
VG,IT,16
VG,JP,245
VG,KR,227
VG,KY,26
VG,MX,8
VG,MY,45
VG,NL,25
VG,NO,4
VG,NZ,2
VG,PH,12
VG,PK,2
VG,PL,3
VG,RO,2
VG,RS,3
VG,RU,54
VG,SE,6
VG,SG,40
VG,SI,2
VG,SK,4
VG,TH,12
VG,TR,4
VG,TW,247
VG,UA,4
VG,US,679
VG,VG,3
VG,VN,25
VG,ZA,2
VN,AT,254
VN,AU,315
VN,BE,198
VN,BG,66
VN,BM,78
VN,BR,440
VN,BY,24
VN,CA,520
VN,CH,411
VN,CL,7
VN,CN,8918
VN,CY,15
VN,CZ,284
VN,DE,3275
VN,DK,42
VN,EG,22
VN,ES,166
VN,FI,172
VN,FR,680
VN,GB,1466
VN,GR,15
VN,HK,992
VN,HR,41
VN,HU,192
VN,IE,109
VN,IL,496
VN,IN,321
VN,IT,275
VN,JP,4491
VN,KR,3795
VN,KY,484
VN,LI,7
VN,MX,152
VN,MY,860
VN,NL,500
VN,NO,75
VN,NZ,32
VN,PH,240
VN,PK,34
VN,PL,62
VN,RO,45
VN,RS,64
VN,RU,939
VN,SE,103
VN,SG,754
VN,SI,17
VN,SK,68
VN,TH,198
VN,TR,65
VN,TW,4422
VN,UA,53
VN,US,12821
VN,VG,45
VN,VN,471
VN,ZA,37
ZA,AT,22
ZA,AU,25
ZA,BE,16
ZA,BG,6
ZA,BM,7
ZA,BR,36
ZA,BY,2
ZA,CA,42
ZA,CH,33
ZA,CN,709
ZA,CY,1
ZA,CZ,25
ZA,DE,276
ZA,DK,4
ZA,EG,2
ZA,ES,14
ZA,FI,13
ZA,FR,62
ZA,GB,131
ZA,GR,1
ZA,HK,82
ZA,HR,3
ZA,HU,17
ZA,IE,10
ZA,IL,41
ZA,IN,26
ZA,IT,19
ZA,JP,359
ZA,KR,282
ZA,KY,41
ZA,LI,1
ZA,MX,12
ZA,MY,61
ZA,NL,43
ZA,NO,6
ZA,NZ,4
ZA,PH,19
ZA,PK,3
ZA,PL,5
ZA,RO,5
ZA,RS,5
ZA,RU,72
ZA,SE,6
ZA,SG,62
ZA,SI,2
ZA,SK,5
ZA,TH,17
ZA,TR,6
ZA,TW,329
ZA,UA,4
ZA,US,1055
ZA,VG,4
ZA,VN,35
ZA,ZA,2
